{"cameraMode":{"drawMode":0,"name":"Shaded","section":"Shading Mode"},"sceneLighting":false,"audioPlay":false,"sceneViewState":{"showFog":true,"showMaterialUpdate":false,"showSkybox":false,"showFlares":true,"showImageEffects":true,"showParticleSystems":true,"showVisualEffectGraphs":true,"m_FxEnabled":true},"in2DMode":false,"pivot":{"x":-0.9717133641242981,"y":0.8158701062202454,"z":-0.14761105179786683},"rotation":{"x":-0.07759633660316467,"y":-0.5702105760574341,"z":0.054228466004133227,"w":-0.816017746925354},"size":0.7088723182678223,"orthographic":false}