{"cameraMode":{"drawMode":0,"name":"Shaded","section":"Shading Mode"},"sceneLighting":false,"audioPlay":false,"sceneViewState":{"showFog":true,"showMaterialUpdate":false,"showSkybox":false,"showFlares":true,"showImageEffects":true,"showParticleSystems":true,"showVisualEffectGraphs":true,"m_FxEnabled":true},"in2DMode":false,"pivot":{"x":2.5033092498779299,"y":1.1048120260238648,"z":2.175173044204712},"rotation":{"x":-0.06576115638017655,"y":0.8969578742980957,"z":-0.14273259043693543,"w":-0.4132067561149597},"size":0.21650634706020356,"orthographic":false}