{"cameraMode":{"drawMode":0,"name":"Shaded","section":"Shading Mode"},"sceneLighting":false,"audioPlay":false,"sceneViewState":{"showFog":true,"showMaterialUpdate":false,"showSkybox":false,"showFlares":true,"showImageEffects":true,"showParticleSystems":true,"showVisualEffectGraphs":true,"m_FxEnabled":true},"in2DMode":false,"pivot":{"x":0.28873756527900698,"y":0.22228215634822846,"z":-0.25364285707473757},"rotation":{"x":-0.11271844804286957,"y":0.8858492970466614,"z":-0.2904249131679535,"w":-0.3437870442867279},"size":0.8660253882408142,"orthographic":false}